{"start_time": 1698843631.9908743, "last_time": 1698945609.2255476, "total_uptime": 101977.23467326164}